<?xml version="1.0" encoding="UTF-8" ?>
<!DOCTYPE mapper
        PUBLIC "-//mybatis.org//DTD Mapper 3.0//EN"
        "http://mybatis.org/dtd/mybatis-3-mapper.dtd">
<mapper namespace="userMapper">

    <select id="findAll" resultType="edu.guet.domain.User">
		select * from user
	</select>

    <select id="create" parameterType="edu.guet.domain.User">
        insert into user values (#{id},#{username},#{password})
    </select>

    <update id="update" parameterType="edu.guet.domain.User">
        update  user  set username=#{username},password=#{password} where id=#{id}
    </update>
    <delete id="delete" parameterType="int">
        delete from user where id=#{id}
    </delete>

</mapper>