<?xml version="1.0" encoding="UTF-8"?>
<beans xmlns="http://www.springframework.org/schema/beans"
       xmlns:xsi="http://www.w3.org/2001/XMLSchema-instance"
       xmlns:p="http://www.springframework.org/schema/p"
       xmlns:context="http://www.springframework.org/schema/context"
       xmlns:dubbo="http://code.alibabatech.com/schema/dubbo"
       xmlns:mvc="http://www.springframework.org/schema/mvc"
       xsi:schemaLocation="http://www.springframework.org/schema/beans
			http://www.springframework.org/schema/beans/spring-beans.xsd
			http://www.springframework.org/schema/mvc
			http://www.springframework.org/schema/mvc/spring-mvc.xsd
			http://code.alibabatech.com/schema/dubbo
			http://code.alibabatech.com/schema/dubbo/dubbo.xsd
			http://www.springframework.org/schema/context
			http://www.springframework.org/schema/context/spring-context.xsd">
    <dubbo:application name="dubbodemo_consumer"></dubbo:application>
    <dubbo:registry address="zookeeper://localhost:2181"></dubbo:registry>
    <dubbo:annotation package="com.itheima.controller"></dubbo:annotation>
    <dubbo:consumer check="false"></dubbo:consumer>
</beans>